구  분,,,월관람객수,,,,"동,식물원",,,,,,,,돌고래쇼,,,,,,,,테마가든,,,,,,,,캠프입장,,,,,,,,자연학습교실,,,,,,,,기타,,,,,,,
,,,,,,,유료입장,,,,,,무료소계,총  계,유료입장,,,,,,무료소계,총  계,유료입장,,,,,,무료소계,총  계,유료입장,,,,,,무료소계,총  계,유료입장,,,,,,무료소계,총  계,유료입장,,,,,,무료소계,총  계
날짜,요일,날씨,유료합계,무료합계,총계,외국인계,유료소계,어른,청소년,어린이,외국인,단체입장,,,유료소계,어른,청소년,어린이,외국인,단체입장,,,유료소계,어른,청소년,어린이,외국인,단체입장,,,유료소계,어른,청소년,어린이,외국인,단체입장,,,유료소계,어른,청소년,어린이,외국인,단체입장,,,유료소계,어른,청소년,어린이,외국인,단체입장,,
2018-1-1,월,맑음,"1,688",628,"2,316",40,1683,"1,375",99,209,40,0,619,"2,302",5,5,0,0,0,0,9,14,,,,,,,,,,,,,,,,,,,,,,,,,,,,,,,,
2018-1-2,화,구름 조금,403,585,988,22,401,342,15,44,22,119,578,979,2,2,0,0,0,0,7,9,,,,,,,,,,,,,,,,,,,,,,,,,,,,,,,,
2018-1-3,수,구름 조금,192,502,694,4,191,153,22,16,4,0,502,693,1,0,0,1,0,0,0,1,,,,,,,,,,,,,,,,,,,,,,,,,,,,,,,,
2018-1-4,목,흐림,165,506,671,14,163,132,9,22,14,1,488,651,2,2,0,0,0,0,18,20,,,,,,,,,,,,,,,,,,,,,,,,,,,,,,,,
2018-1-5,금,구름 조금,189,569,758,8,188,145,12,31,8,0,567,755,1,1,0,0,0,0,2,3,,,,,,,,,,,,,,,,,,,,,,,,,,,,,,,,
2018-1-6,토,맑음,968,967,"1,935",25,953,821,32,100,25,0,955,"1,908",15,15,0,0,0,0,12,27,,,,,,,,,,,,,,,,,,,,,,,,,,,,,,,,
2018-1-7,일,흐림,922,959,"1,881",20,911,740,61,110,19,0,941,"1,852",11,9,0,2,1,0,18,29,,,,,,,,,,,,,,,,,,,,,,,,,,,,,,,,
2018-1-8,월,흐림,193,441,634,13,188,146,13,29,13,0,432,620,5,4,0,1,0,0,9,14,,,,,,,,,,,,,,,,,,,,,,,,,,,,,,,,
2018-1-9,화,구름 많음,115,408,523,13,112,92,6,14,13,0,398,510,3,2,0,1,0,0,10,13,,,,,,,,,,,,,,,,,,,,,,,,,,,,,,,,
2018-1-10,수,구름 조금,70,312,382,6,70,56,7,7,6,0,307,377,0,0,0,0,0,0,5,5,,,,,,,,,,,,,,,,,,,,,,,,,,,,,,,,
2018-1-11,목,맑음,43,269,312,0,41,32,8,1,0,0,255,296,2,2,0,0,0,0,14,16,,,,,,,,,,,,,,,,,,,,,,,,,,,,,,,,
2018-1-12,금,맑음,52,176,228,15,52,45,5,2,15,0,176,228,0,0,0,0,0,0,0,0,,,,,,,,,,,,,,,,,,,,,,,,,,,,,,,,
2018-1-13,토,맑음,350,665,"1,015",3,346,295,18,33,3,0,663,"1,009",4,2,0,2,0,0,2,6,,,,,,,,,,,,,,,,,,,,,,,,,,,,,,,,
2018-1-14,일,구름 많음,839,815,"1,654",2,832,706,32,94,2,0,805,"1,637",7,7,0,0,0,0,10,17,,,,,,,,,,,,,,,,,,,,,,,,,,,,,,,,
2018-1-15,월,구름 조금,225,420,645,14,215,165,31,19,14,0,415,630,10,7,0,3,0,0,5,15,,,,,,,,,,,,,,,,,,,,,,,,,,,,,,,,
2018-1-16,화,비,150,549,699,8,150,115,15,20,8,0,535,685,0,0,0,0,0,0,14,14,,,,,,,,,,,,,,,,,,,,,,,,,,,,,,,,
2018-1-17,수,구름 조금,196,435,631,15,195,155,23,17,15,0,419,614,1,1,0,0,0,0,16,17,,,,,,,,,,,,,,,,,,,,,,,,,,,,,,,,
2018-1-18,목,구름 많음,989,514,"1,503",1,988,311,439,238,1,776,507,"1,495",1,0,1,0,0,0,7,8,,,,,,,,,,,,,,,,,,,,,,,,,,,,,,,,
2018-1-19,금,맑음,334,584,918,17,333,256,28,49,17,0,574,907,1,1,0,0,0,0,10,11,,,,,,,,,,,,,,,,,,,,,,,,,,,,,,,,
2018-1-20,토,구름 조금,"1,138",945,"2,083",3,1121,927,71,123,1,30,933,"2,054",17,14,1,2,2,0,12,29,,,,,,,,,,,,,,,,,,,,,,,,,,,,,,,,
2018-1-21,일,구름 많음,"1,234",889,"2,123",18,1212,996,59,157,18,0,871,"2,083",22,19,2,1,0,0,18,40,,,,,,,,,,,,,,,,,,,,,,,,,,,,,,,,
2018-1-22,월,눈,311,541,852,6,304,206,33,65,6,0,530,834,7,4,1,2,0,0,11,18,,,,,,,,,,,,,,,,,,,,,,,,,,,,,,,,
2018-1-23,화,맑음,67,296,363,7,67,48,9,10,7,0,295,362,0,0,0,0,0,0,1,1,,,,,,,,,,,,,,,,,,,,,,,,,,,,,,,,
2018-1-24,수,맑음,18,110,128,0,18,16,1,1,0,0,110,128,0,0,0,0,0,0,0,0,,,,,,,,,,,,,,,,,,,,,,,,,,,,,,,,
2018-1-25,목,맑음,23,139,162,1,23,23,0,0,1,0,139,162,0,0,0,0,0,0,0,0,,,,,,,,,,,,,,,,,,,,,,,,,,,,,,,,
2018-1-26,금,맑음,50,172,222,0,50,31,13,6,0,0,172,222,0,0,0,0,0,0,0,0,,,,,,,,,,,,,,,,,,,,,,,,,,,,,,,,
2018-1-27,토,구름 조금,247,408,655,11,244,200,30,14,11,0,408,652,3,2,0,1,0,0,0,3,,,,,,,,,,,,,,,,,,,,,,,,,,,,,,,,
2018-1-28,일,구름 조금,457,505,962,15,448,364,30,54,15,0,493,941,9,7,1,1,0,0,12,21,,,,,,,,,,,,,,,,,,,,,,,,,,,,,,,,
2018-1-29,월,맑음,87,322,409,6,87,74,7,6,6,0,312,399,0,0,0,0,0,0,10,10,,,,,,,,,,,,,,,,,,,,,,,,,,,,,,,,
2018-1-30,화,구름 많음,"9,203",457,"9,660",2,9202,91,"9,100",11,2,"9,097",452,"9,654",1,1,0,0,0,0,5,6,,,,,,,,,,,,,,,,,,,,,,,,,,,,,,,,
2018-1-31,수,구름 많음,151,434,585,12,151,131,11,9,12,0,424,575,0,0,0,0,0,0,10,10,,,,,,,,,,,,,,,,,,,,,,,,,,,,,,,,
2018-2-1,목,맑음,194,485,679,5,191,154,19,18,5,0,485,676,3,3,0,0,0,0,0,3,,,,,,,,,,,,,,,,,,,,,,,,,,,,,,,,
2018-2-2,금,구름 많음,152,552,704,11,152,127,14,11,11,0,532,684,0,0,0,0,0,0,20,20,,,,,,,,,,,,,,,,,,,,,,,,,,,,,,,,
2018-2-3,토,구름 조금,415,634,"1,049",10,409,335,27,47,10,0,621,"1,030",6,5,0,1,0,0,13,19,,,,,,,,,,,,,,,,,,,,,,,,,,,,,,,,
2018-2-4,일,맑음,281,509,790,1,281,238,15,28,1,1,509,790,0,0,0,0,0,0,0,0,,,,,,,,,,,,,,,,,,,,,,,,,,,,,,,,
2018-2-5,월,맑음,66,282,348,14,63,57,4,2,14,0,277,340,3,2,1,0,0,0,5,8,,,,,,,,,,,,,,,,,,,,,,,,,,,,,,,,
2018-2-6,화,구름 조금,60,309,369,13,60,55,2,3,13,0,299,359,0,0,0,0,0,0,10,10,,,,,,,,,,,,,,,,,,,,,,,,,,,,,,,,
2018-2-7,수,구름 많음,78,340,418,4,78,58,14,6,4,0,335,413,0,0,0,0,0,0,5,5,,,,,,,,,,,,,,,,,,,,,,,,,,,,,,,,
2018-2-8,목,맑음,177,547,724,2,175,129,25,21,2,1,542,717,2,2,0,0,0,0,5,7,,,,,,,,,,,,,,,,,,,,,,,,,,,,,,,,
2018-2-9,금,,172,485,657,3,171,140,18,13,3,0,481,652,1,1,0,0,0,0,4,5,,,,,,,,,,,,,,,,,,,,,,,,,,,,,,,,
2018-2-10,토,,907,954,"1,861",17,898,748,40,110,17,0,950,"1,848",9,8,0,1,0,0,4,13,,,,,,,,,,,,,,,,,,,,,,,,,,,,,,,,
2018-2-11,일,눈,544,615,"1,159",6,540,443,29,68,6,4,605,"1,145",4,3,0,1,0,0,10,14,,,,,,,,,,,,,,,,,,,,,,,,,,,,,,,,
2018-2-12,월,구름 많음,120,379,499,18,120,84,20,16,18,0,368,488,0,0,0,0,0,0,11,11,,,,,,,,,,,,,,,,,,,,,,,,,,,,,,,,
2018-2-13,화,맑음,195,530,725,19,195,166,19,10,19,0,525,720,0,0,0,0,0,0,5,5,,,,,,,,,,,,,,,,,,,,,,,,,,,,,,,,
2018-2-14,수,,354,456,810,19,350,275,43,32,19,0,441,791,4,4,0,0,0,0,15,19,,,,,,,,,,,,,,,,,,,,,,,,,,,,,,,,
2018-2-15,목,구름 조금,"1,193",572,"1,765",64,1172,"1,003",37,132,64,0,536,"1,708",21,20,0,1,0,0,36,57,,,,,,,,,,,,,,,,,,,,,,,,,,,,,,,,
2018-2-16,금,맑음,"2,331",676,"3,007",246,2294,"1,976",71,247,246,0,668,"2,962",37,37,0,0,0,0,8,45,,,,,,,,,,,,,,,,,,,,,,,,,,,,,,,,
2018-2-17,토,맑음,"2,617",973,"3,590",71,2586,"2,203",101,282,71,0,947,"3,533",31,26,0,5,0,0,26,57,,,,,,,,,,,,,,,,,,,,,,,,,,,,,,,,
2018-2-18,일,구름 많음,"2,111","1,259","3,370",88,2079,"1,797",70,212,88,0,"1,240","3,319",32,25,0,7,0,0,19,51,,,,,,,,,,,,,,,,,,,,,,,,,,,,,,,,
2018-2-19,월,구름 많음,767,791,"1,558",29,760,614,51,95,29,0,779,"1,539",7,6,0,1,0,0,12,19,,,,,,,,,,,,,,,,,,,,,,,,,,,,,,,,
2018-2-20,화,구름 조금,561,682,"1,243",6,551,411,60,80,6,0,668,"1,219",10,9,0,1,0,0,14,24,,,,,,,,,,,,,,,,,,,,,,,,,,,,,,,,
2018-2-21,수,구름 조금,465,704,"1,169",3,463,360,41,62,3,0,696,"1,159",2,2,0,0,0,0,8,10,,,,,,,,,,,,,,,,,,,,,,,,,,,,,,,,
2018-2-22,목,구름 많음,562,786,"1,348",17,555,419,58,78,17,0,775,"1,330",7,5,0,2,0,0,11,18,,,,,,,,,,,,,,,,,,,,,,,,,,,,,,,,
2018-2-23,금,구름 조금,490,589,"1,079",9,484,346,53,85,9,0,582,"1,066",6,6,0,0,0,0,7,13,,,,,,,,,,,,,,,,,,,,,,,,,,,,,,,,
2018-2-24,토,구름 많음,"2,125","1,237","3,362",33,2112,"1,797",65,250,33,36,"1,202","3,314",13,13,0,0,0,0,35,48,,,,,,,,,,,,,,,,,,,,,,,,,,,,,,,,
2018-2-25,일,맑음,"4,517","1,622","6,139",34,4441,"3,788",122,531,34,0,"1,576","6,017",76,68,1,7,0,0,46,122,,,,,,,,,,,,,,,,,,,,,,,,,,,,,,,,
2018-2-26,월,구름 조금,"1,417",835,"2,252",17,1404,"1,068",97,239,17,0,819,"2,223",13,13,0,0,0,0,16,29,,,,,,,,,,,,,,,,,,,,,,,,,,,,,,,,
2018-2-27,화,흐림,769,748,"1,517",11,763,537,89,137,11,0,746,"1,509",6,6,0,0,0,0,2,8,,,,,,,,,,,,,,,,,,,,,,,,,,,,,,,,
2018-2-28,수,비,168,458,626,6,166,121,8,37,6,0,448,614,2,2,0,0,0,0,10,12,,,,,,,,,,,,,,,,,,,,,,,,,,,,,,,,
2018-3-1,목,맑음,"2,320",970,"3,290",24,2275,"1,907",111,257,24,75,946,"3,221",45,41,1,3,0,0,24,69,,,,,,,,,,,,,,,,,,,,,,,,,,,,,,,,
2018-3-2,금,맑음,712,788,"1,500",25,680,626,6,48,23,0,777,"1,457",32,23,2,7,2,0,11,43,,,,,,,,,,,,,,,,,,,,,,,,,,,,,,,,
2018-3-3,토,구름 많음,"10,711","3,829","14,540",58,10206,"8,849",222,"1,135",58,30,"3,683","13,889",505,458,2,45,0,0,146,651,,,,,,,,,,,,,,,,,,,,,,,,,,,,,,,,
2018-3-4,일,흐림,"2,268","1,351","3,619",52,2207,"1,876",78,253,50,0,"1,314","3,521",61,50,0,11,2,0,37,98,,,,,,,,,,,,,,,,,,,,,,,,,,,,,,,,
2018-3-5,월,구름 조금,546,503,"1,049",2,522,514,2,6,2,0,497,"1,019",24,22,0,2,0,0,6,30,,,,,,,,,,,,,,,,,,,,,,,,,,,,,,,,
2018-3-6,화,구름 조금,739,"1,012","1,751",27,701,685,5,11,23,0,965,"1,666",38,37,0,1,4,0,47,85,,,,,,,,,,,,,,,,,,,,,,,,,,,,,,,,
2018-3-7,수,구름 많음,583,851,"1,434",20,571,552,4,15,20,0,830,"1,401",12,12,0,0,0,0,21,33,,,,,,,,,,,,,,,,,,,,,,,,,,,,,,,,
2018-3-8,목,흐림,139,465,604,8,139,135,2,2,8,0,452,591,0,0,0,0,0,0,13,13,,,,,,,,,,,,,,,,,,,,,,,,,,,,,,,,
2018-3-9,금,구름 조금,495,871,"1,366",31,495,472,5,18,31,30,855,"1,350",0,0,0,0,0,0,16,16,,,,,,,,,,,,,,,,,,,,,,,,,,,,,,,,
2018-3-10,토,구름 조금,"7,513","3,210","10,723",79,7274,"6,238",136,900,79,0,"3,148","10,422",239,216,1,22,0,0,62,301,,,,,,,,,,,,,,,,,,,,,,,,,,,,,,,,
2018-3-11,일,구름 조금,"11,235","3,277","14,512",13,10756,"9,185",228,"1,343",11,0,"3,213","13,969",479,434,3,42,2,0,64,543,,,,,,,,,,,,,,,,,,,,,,,,,,,,,,,,
2018-3-12,월,맑음,818,737,"1,555",32,806,793,4,9,32,0,699,"1,505",12,12,0,0,0,0,38,50,,,,,,,,,,,,,,,,,,,,,,,,,,,,,,,,
2018-3-13,화,구름 조금,889,930,"1,819",39,868,826,4,38,39,34,890,"1,758",21,19,1,1,0,0,40,61,,,,,,,,,,,,,,,,,,,,,,,,,,,,,,,,
2018-3-14,수,구름 조금,"1,872","1,160","3,032",22,1806,"1,711",43,52,20,30,"1,089","2,895",66,64,0,2,2,0,71,137,,,,,,,,,,,,,,,,,,,,,,,,,,,,,,,,
2018-3-15,목,비,82,308,390,3,80,74,0,6,3,0,306,386,2,2,0,0,0,0,2,4,,,,,,,,,,,,,,,,,,,,,,,,,,,,,,,,
2018-3-16,금,맑음,"1,118",983,"2,101",42,1072,"1,029",12,31,42,0,967,"2,039",46,44,1,1,0,0,16,62,,,,,,,,,,,,,,,,,,,,,,,,,,,,,,,,
2018-3-17,토,구름 많음,"17,044","4,667","21,711",44,15928,"13,630",249,"2,049",42,87,"4,446","20,374","1,116","1,005",7,104,2,0,221,"1,337",,,,,,,,,,,,,,,,,,,,,,,,,,,,,,,,
2018-3-18,일,흐림,"8,256","3,084","11,340",67,7924,"6,596",192,"1,136",58,0,"2,901","10,825",332,286,0,46,9,0,183,515,,,,,,,,,,,,,,,,,,,,,,,,,,,,,,,,
2018-3-19,월,구름 조금,295,490,785,9,291,279,1,11,9,0,479,770,4,3,0,1,0,0,11,15,,,,,,,,,,,,,,,,,,,,,,,,,,,,,,,,
2018-3-20,화,구름 많음,377,851,"1,228",30,363,332,9,22,30,0,823,"1,186",14,14,0,0,0,0,28,42,,,,,,,,,,,,,,,,,,,,,,,,,,,,,,,,
2018-3-21,수,눈,"1,673",511,"2,184",4,1673,353,828,492,4,0,501,"2,174",0,0,0,0,0,0,10,10,,,,,,,,,,,,,,,,,,,,,,,,,,,,,,,,
2018-3-22,목,맑음,603,956,"1,559",44,566,545,13,8,44,0,899,"1,465",37,35,0,2,0,41,57,94,,,,,,,,,,,,,,,,,,,,,,,,,,,,,,,,
2018-3-23,금,구름 조금,"1,002",920,"1,922",18,986,886,49,51,18,68,892,"1,878",16,15,0,1,0,0,28,44,,,,,,,,,,,,,,,,,,,,,,,,,,,,,,,,
2018-3-24,토,구름 조금,"6,364","2,054","8,418",59,6165,"5,241",173,751,57,94,"1,975","8,140",199,187,1,11,2,0,79,278,,,,,,,,,,,,,,,,,,,,,,,,,,,,,,,,
2018-3-25,일,맑음,"5,576","1,758","7,334",114,5397,"4,567",214,616,114,0,"1,646","7,043",179,156,2,21,0,0,112,291,,,,,,,,,,,,,,,,,,,,,,,,,,,,,,,,
2018-3-26,월,맑음,621,606,"1,227",26,613,568,15,30,26,0,580,"1,193",8,8,0,0,0,0,26,34,,,,,,,,,,,,,,,,,,,,,,,,,,,,,,,,
2018-3-27,화,구름 조금,560,737,"1,297",26,544,483,21,40,21,0,706,"1,250",16,14,0,2,5,0,31,47,,,,,,,,,,,,,,,,,,,,,,,,,,,,,,,,
2018-3-28,수,구름 조금,964,866,"1,830",18,951,825,82,44,18,69,823,"1,774",13,13,0,0,0,0,43,56,,,,,,,,,,,,,,,,,,,,,,,,,,,,,,,,
2018-3-29,목,구름 조금,725,863,"1,588",41,709,655,18,36,41,69,832,"1,541",16,16,0,0,0,0,31,47,,,,,,,,,,,,,,,,,,,,,,,,,,,,,,,,
2018-3-30,금,맑음,"2,395","1,275","3,670",60,2315,"1,610",619,86,59,618,"1,231","3,546",80,75,2,3,1,0,44,124,,,,,,,,,,,,,,,,,,,,,,,,,,,,,,,,
2018-3-31,토,구름 조금,"17,894","6,715","24,609",101,16653,"14,148",252,"2,253",90,298,"5,508","22,161","1,241","1,087",5,149,11,0,477,"1,718",,,,,,,,,,,,,,,,,,,,,,,,,,,,,,,,
2018-4-1,일,흐림,"10,899","4,222","15,121",156,10269,"8,689",188,"1,392",153,36,"4,079","14,348",630,558,9,63,3,0,143,773,,,,,,,,,,,,,,,,,,,,,,,,,,,,,,,,
2018-4-2,월,,"1,818",967,"2,785",12,1746,"1,632",13,101,11,30,899,"2,645",72,65,0,7,1,0,68,140,,,,,,,,,,,,,,,,,,,,,,,,,,,,,,,,
2018-4-3,화,,"2,140","1,549","3,689",67,2067,"1,792",103,172,66,218,"1,314","3,381",73,69,0,4,1,53,235,308,,,,,,,,,,,,,,,,,,,,,,,,,,,,,,,,
2018-4-4,수,,"1,585",990,"2,575",32,1442,"1,318",47,77,26,0,939,"2,381",143,135,0,8,6,0,51,194,,,,,,,,,,,,,,,,,,,,,,,,,,,,,,,,
2018-4-5,목,,559,433,992,7,550,136,408,6,6,394,410,960,9,9,0,0,1,0,23,32,,,,,,,,,,,,,,,,,,,,,,,,,,,,,,,,
2018-4-6,금,구름 많음,"2,933",987,"3,920",31,2881,"1,139","1,548",194,30,"1,713",876,"3,757",52,50,1,1,1,39,111,163,,,,,,,,,,,,,,,,,,,,,,,,,,,,,,,,
2018-4-7,토,구름 많음,"9,469","3,272","12,741",88,9065,"7,899",221,945,88,181,"3,160","12,225",404,380,2,22,0,0,112,516,,,,,,,,,,,,,,,,,,,,,,,,,,,,,,,,
2018-4-8,일,흐림,"9,341","3,342","12,683",139,8789,"7,464",212,"1,113",133,0,"3,063","11,852",552,489,8,55,6,0,279,831,,,,,,,,,,,,,,,,,,,,,,,,,,,,,,,,
2018-4-9,월,구름 조금,"3,844","1,931","5,775",50,3676,"2,747",760,169,50,828,"1,596","5,272",168,157,0,11,0,115,335,503,,,,,,,,,,,,,,,,,,,,,,,,,,,,,,,,
2018-4-10,화,구름 많음,"3,726","3,510","7,236",66,3510,"2,832",531,147,62,939,"2,760","6,270",216,213,0,3,4,245,750,966,,,,,,,,,,,,,,,,,,,,,,,,,,,,,,,,
2018-4-11,수,맑음,"2,229","1,955","4,184",68,2129,"1,797",286,46,68,385,"1,766","3,895",100,90,2,8,0,0,189,289,,,,,,,,,,,,,,,,,,,,,,,,,,,,,,,,
2018-4-12,목,맑음,"4,025","3,239","7,264",26,3779,"2,862",539,378,25,"1,219","2,636","6,415",246,232,0,14,1,241,603,849,,,,,,,,,,,,,,,,,,,,,,,,,,,,,,,,
2018-4-13,금,구름 많음,"5,380","3,314","8,694",49,5061,"3,734","1,113",214,42,"1,504","2,685","7,746",319,301,6,12,7,239,629,948,,,,,,,,,,,,,,,,,,,,,,,,,,,,,,,,
2018-4-14,토,흐림,"1,075","1,022","2,097",16,1024,894,24,106,16,4,996,"2,020",51,50,0,1,0,36,26,77,,,,,,,,,,,,,,,,,,,,,,,,,,,,,,,,
2018-4-15,일,구름 조금,"16,642","4,713","21,355",145,15706,"13,383",308,"2,015",139,30,"4,369","20,075",936,831,10,95,6,0,344,"1,280",,,,,,,,,,,,,,,,,,,,,,,,,,,,,,,,
2018-4-16,월,구름 조금,"3,299","2,181","5,480",31,3065,"2,888",20,157,26,180,"1,624","4,689",234,222,1,11,5,196,557,791,,,,,,,,,,,,,,,,,,,,,,,,,,,,,,,,
2018-4-17,화,맑음,"2,530","2,634","5,164",26,2415,"2,059",32,324,23,598,"2,163","4,578",115,114,0,1,3,246,471,586,,,,,,,,,,,,,,,,,,,,,,,,,,,,,,,,
2018-4-18,수,맑음,"2,826","2,808","5,634",61,2590,"1,901",89,600,59,"1,018","2,327","4,917",236,182,0,54,2,311,481,717,,,,,,,,,,,,,,,,,,,,,,,,,,,,,,,,
2018-4-19,목,맑음,"2,455","2,614","5,069",21,2304,"2,003",117,184,18,729,"2,027","4,331",151,147,0,4,3,324,587,738,,,,,,,,,,,,,,,,,,,,,,,,,,,,,,,,
2018-4-20,금,맑음,"3,459","1,894","5,353",43,3307,"2,609",100,598,38,"1,034","1,489","4,796",152,150,0,2,5,239,405,557,,,,,,,,,,,,,,,,,,,,,,,,,,,,,,,,
2018-4-21,토,구름 조금,"21,602","11,008","32,610",200,20511,"17,618",281,"2,612",180,"1,076","10,526","31,037","1,091",941,48,102,20,0,482,"1,573",,,,,,,,,,,,,,,,,,,,,,,,,,,,,,,,
2018-4-22,일,비,"5,932","1,748","7,680",81,5619,"4,884",52,683,78,974,"1,638","7,257",313,272,4,37,3,0,110,423,,,,,,,,,,,,,,,,,,,,,,,,,,,,,,,,
2018-4-23,월,비,61,227,288,0,61,55,2,4,0,0,187,248,0,0,0,0,0,0,40,40,,,,,,,,,,,,,,,,,,,,,,,,,,,,,,,,
2018-4-24,화,구름 많음,"1,685","2,655","4,340",44,1626,"1,066",25,535,44,"1,135","2,004","3,630",59,56,0,3,0,403,651,710,,,,,,,,,,,,,,,,,,,,,,,,,,,,,,,,
2018-4-25,수,맑음,"4,324","4,309","8,633",70,3853,"2,399",544,910,69,"2,609","3,054","6,907",471,432,1,38,1,951,"1,255","1,726",,,,,,,,,,,,,,,,,,,,,,,,,,,,,,,,
2018-4-26,목,구름 조금,"10,774","5,059","15,833",76,10279,"2,932","6,135","1,212",72,"9,519","3,626","13,905",495,415,3,77,4,"1,155","1,433","1,928",,,,,,,,,,,,,,,,,,,,,,,,,,,,,,,,
2018-4-27,금,맑음,"10,229","4,121","14,350",26,9890,"8,780",399,711,21,"8,977","3,010","12,900",339,327,5,7,5,781,"1,111","1,450",,,,,,,,,,,,,,,,,,,,,,,,,,,,,,,,
2018-4-28,토,맑음,"17,221","5,743","22,964",43,16048,"13,694",302,"2,052",28,858,"5,186","21,234","1,173","1,042",11,120,15,0,557,"1,730",,,,,,,,,,,,,,,,,,,,,,,,,,,,,,,,
2018-4-29,일,구름 조금,"22,455","7,319","29,774",229,21041,"17,923",299,"2,819",208,681,"6,950","27,991","1,414","1,249",14,151,21,0,369,"1,783",,,,,,,,,,,,,,,,,,,,,,,,,,,,,,,,
2018-4-30,월,구름 조금,"4,035","11,066","15,101",37,3873,"3,238",156,479,35,"1,103","2,116","5,989",162,149,2,11,2,382,747,909,,,,,,,,,,,,,,,,,,,,,,,,,,,,,,,,
2018-5-1,화,흐림,"16,617","5,667","22,284",194,15314,"12,251","1,972","1,091",194,"1,983","5,131","20,445","1,303","1,185",2,116,0,109,536,"1,839",,,,,,,,,,,,,,,,,,,,,,,,,,,,,,,,
2018-5-2,수,비,697,652,"1,349",14,679,211,338,130,12,448,573,"1,252",18,16,0,2,2,1,79,97,,,,,,,,,,,,,,,,,,,,,,,,,,,,,,,,
2018-5-3,목,흐림,"6,490","2,613","9,103",24,6111,"1,017","1,146","3,948",7,"5,789","2,199","8,310",379,234,2,143,17,335,414,793,,,,,,,,,,,,,,,,,,,,,,,,,,,,,,,,
2018-5-4,금,맑음,"8,372","3,026","11,398",47,7487,"2,953","3,963",571,43,"4,642","2,181","9,668",885,344,508,33,4,"1,000",845,"1,730",,,,,,,,,,,,,,,,,,,,,,,,,,,,,,,,
2018-5-5,토,맑음,"29,521","22,789","52,310",208,27580,"26,735",845,0,202,65,"21,826","49,406","1,941","1,857",54,30,6,0,963,"2,904",,,,,,,,,,,,,,,,,,,,,,,,,,,,,,,,
2018-5-6,일,비,"2,624",720,"3,344",65,2559,"2,055",161,343,65,125,671,"3,230",65,54,1,10,0,0,49,114,,,,,,,,,,,,,,,,,,,,,,,,,,,,,,,,
2018-5-7,월,구름 많음,"24,639","8,182","32,821",182,22197,"18,175",818,"3,204",180,30,"7,560","29,757","2,442","2,091",82,269,2,0,622,"3,064",,,,,,,,,,,,,,,,,,,,,,,,,,,,,,,,
2018-5-8,화,,"3,600","2,128","5,728",17,3264,"2,077",889,298,17,953,"1,712","4,976",336,293,6,37,0,98,416,752,,,,,,,,,,,,,,,,,,,,,,,,,,,,,,,,
2018-5-9,수,,"2,938","2,954","5,892",34,2632,"2,076",140,416,21,885,"1,708","4,340",306,284,20,2,13,792,"1,246","1,552",,,,,,,,,,,,,,,,,,,,,,,,,,,,,,,,
2018-5-10,목,,"3,138","3,624","6,762",35,2786,"1,764",433,589,31,"1,469","2,060","4,846",352,264,0,88,4,952,"1,564","1,916",,,,,,,,,,,,,,,,,,,,,,,,,,,,,,,,
2018-5-11,금,구름 많음,"6,050","3,785","9,835",1,5133,"1,942","2,592",599,0,"4,002","2,572","7,705",917,466,351,100,1,"1,001","1,213","2,130",,,,,,,,,,,,,,,,,,,,,,,,,,,,,,,,
2018-5-12,토,비,801,544,"1,345",32,704,645,8,51,18,233,497,"1,201",97,94,3,0,14,36,47,144,,,,,,,,,,,,,,,,,,,,,,,,,,,,,,,,
2018-5-13,일,구름 조금,"17,365","5,766","23,131",209,15734,"13,356",437,"1,941",195,342,"4,888","20,622","1,631","1,446",47,138,14,161,878,"2,509",,,,,,,,,,,,,,,,,,,,,,,,,,,,,,,,
2018-5-14,월,맑음,"2,153","1,949","4,102",24,1638,"1,487",22,129,15,526,"1,487","3,125",515,268,197,50,9,379,462,977,,,,,,,,,,,,,,,,,,,,,,,,,,,,,,,,
2018-5-15,화,구름 많음,"2,476","2,349","4,825",28,2220,"1,244",829,147,23,"1,179","1,407","3,627",256,250,0,6,5,347,942,"1,198",,,,,,,,,,,,,,,,,,,,,,,,,,,,,,,,
2018-5-16,수,비,222,674,896,7,144,100,37,7,7,204,529,673,78,7,0,71,0,169,145,223,,,,,,,,,,,,,,,,,,,,,,,,,,,,,,,,
2018-5-17,목,비,830,479,"1,309",7,775,156,583,36,6,687,330,"1,105",55,55,0,0,1,65,149,204,,,,,,,,,,,,,,,,,,,,,,,,,,,,,,,,
2018-5-18,금,흐림,"4,252","1,240","5,492",19,3043,704,"2,037",302,14,"2,470",979,"4,022","1,209",109,"1,055",45,5,"1,137",261,"1,470",,,,,,,,,,,,,,,,,,,,,,,,,,,,,,,,
2018-5-19,토,맑음,"24,047","9,608","33,655",110,20926,"18,021",352,"2,553",82,318,"8,227","29,153","3,121","2,816",28,277,28,78,"1,381","4,502",,,,,,,,,,,,,,,,,,,,,,,,,,,,,,,,
2018-5-20,일,구름 많음,"23,579","6,870","30,449",341,20136,"16,762",506,"2,868",239,162,"4,920","25,056","3,443","3,076",49,318,102,216,"1,950","5,393",,,,,,,,,,,,,,,,,,,,,,,,,,,,,,,,
2018-5-21,월,구름 조금,"13,403","5,895","19,298",65,11412,"8,758",588,"2,066",52,458,"4,404","15,816","1,991","1,706",89,196,13,277,"1,491","3,482",,,,,,,,,,,,,,,,,,,,,,,,,,,,,,,,
2018-5-22,화,흐림,"21,239","7,256","28,495",92,17518,"14,132",518,"2,868",78,622,"5,795","23,313","3,721","3,268",82,371,14,30,"1,461","5,182",,,,,,,,,,,,,,,,,,,,,,,,,,,,,,,,
2018-5-23,수,맑음,"2,802","3,500","6,302",59,2007,"1,655",95,257,33,834,"1,801","3,808",795,791,2,2,26,583,"1,699","2,494",,,,,,,,,,,,,,,,,,,,,,,,,,,,,,,,
2018-5-24,목,맑음,"2,706","3,681","6,387",123,1760,"1,294",414,52,96,"1,034","1,925","3,685",946,930,12,4,27,336,"1,756","2,702",,,,,,,,,,,,,,,,,,,,,,,,,,,,,,,,
2018-5-25,금,구름 많음,"5,120","3,337","8,457",92,3831,"1,662","1,883",286,46,"2,272","1,384","5,215","1,289","1,231",40,18,46,404,"1,953","3,242",,,,,,,,,,,,,,,,,,,,,,,,,,,,,,,,
2018-5-26,토,맑음,"20,847","6,858","27,705",201,13225,"11,363",399,"1,463",179,"1,595","4,217","17,442","7,622","7,026",183,413,22,69,"2,641","10,263",,,,,,,,,,,,,,,,,,,,,,,,,,,,,,,,
2018-5-27,일,구름 많음,"24,339","7,905","32,244",373,14073,"12,003",345,"1,725",114,255,"3,542","17,615","10,266","9,524",210,532,259,69,"4,363","14,629",,,,,,,,,,,,,,,,,,,,,,,,,,,,,,,,
2018-5-28,월,구름 조금,"23,912","3,293","27,205",180,21484,"9,560","10,341","1,583",64,"10,487","1,375","22,859","2,428","2,379",28,21,116,246,"1,918","4,346",,,,,,,,,,,,,,,,,,,,,,,,,,,,,,,,
2018-5-29,화,구름 많음,"3,637","5,104","8,741",33,1583,"1,456",12,115,29,792,"2,190","3,773","2,054","2,034",6,14,4,898,"2,914","4,968",,,,,,,,,,,,,,,,,,,,,,,,,,,,,,,,
2018-5-30,수,구름 많음,"4,129","3,174","7,303",79,1790,"1,633",116,41,22,365,"1,303","3,093","2,339","2,306",18,15,57,377,"1,871","4,210",,,,,,,,,,,,,,,,,,,,,,,,,,,,,,,,
2018-5-31,목,맑음,"5,134","21,142","26,276",117,2386,"1,900",418,68,45,992,"1,973","4,359","2,748","2,662",50,36,72,617,"2,962","5,710",,,,,,,,,,,,,,,,,,,,,,,,,,,,,,,,
2018-6-1,금,맑음,"6,257","3,712","9,969",106,3690,"1,773","1,830",87,43,"2,212","1,601","5,291","2,567","2,273",167,127,63,906,"2,111","4,678",,,,,,,,,,,,,,,,,,,,,,,,,,,,,,,,
2018-6-2,토,맑음,"20,225","6,116","26,341",208,11428,"9,919",229,"1,280",110,398,"3,374","14,802","8,797","8,171",139,487,98,33,"2,742","11,539",,,,,,,,,,,,,,,,,,,,,,,,,,,,,,,,
2018-6-3,일,맑음,"20,260","5,548","25,808",202,11348,"9,878",224,"1,246",101,60,"3,251","14,599","8,912","8,214",160,538,101,33,"2,297","11,209",,,,,,,,,,,,,,,,,,,,,,,,,,,,,,,,
2018-6-4,월,구름 많음,"3,232","2,690","5,922",138,1536,"1,417",29,90,39,39,"1,078","2,614","1,696","1,662",15,19,99,244,"1,612","3,308",,,,,,,,,,,,,,,,,,,,,,,,,,,,,,,,
2018-6-5,화,구름 조금,"4,678","4,349","9,027",111,2843,"1,417","1,262",164,37,"1,783","1,762","4,605","1,835","1,792",14,29,74,"1,019","2,587","4,422",,,,,,,,,,,,,,,,,,,,,,,,,,,,,,,,
2018-6-6,수,맑음,"22,109","7,835","29,944",261,13393,"11,317",429,"1,647",130,226,"4,590","17,983","8,716","7,888",239,589,131,112,"3,245","11,961",,,,,,,,,,,,,,,,,,,,,,,,,,,,,,,,
2018-6-7,목,구름 조금,"3,102","3,069","6,171",56,1715,"1,137",505,73,29,724,"1,258","2,973","1,387","1,367",7,13,27,591,"1,811","3,198",,,,,,,,,,,,,,,,,,,,,,,,,,,,,,,,
2018-6-8,금,구름 조금,"3,315","3,842","7,157",120,1703,"1,350",229,124,32,450,"1,888","3,591","1,612","1,552",25,35,88,723,"1,954","3,566",,,,,,,,,,,,,,,,,,,,,,,,,,,,,,,,
2018-6-9,토,흐림,"13,365","4,671","18,036",116,8474,"7,386",220,868,42,253,"3,045","11,519","4,891","4,440",153,298,74,102,"1,626","6,517",,,,,,,,,,,,,,,,,,,,,,,,,,,,,,,,
2018-6-10,일,흐림,"15,026","4,302","19,328",171,10446,"9,028",157,"1,261",86,89,"2,743","13,189","4,580","4,227",60,293,85,0,"1,559","6,139",,,,,,,,,,,,,,,,,,,,,,,,,,,,,,,,
2018-6-11,월,구름 많음,"1,828","1,798","3,626",39,1358,"1,203",66,89,17,195,936,"2,294",470,466,2,2,22,254,862,"1,332",,,,,,,,,,,,,,,,,,,,,,,,,,,,,,,,
2018-6-12,화,구름 조금,"2,997","2,550","5,547",42,2407,"1,342",836,229,27,"1,291","1,645","4,052",590,578,5,7,15,257,905,"1,495",,,,,,,,,,,,,,,,,,,,,,,,,,,,,,,,
2018-6-13,수,구름 많음,"13,317","4,680","17,997",205,10967,"9,444",239,"1,284",170,0,"3,727","14,694","2,350","2,125",43,182,35,0,953,"3,303",,,,,,,,,,,,,,,,,,,,,,,,,,,,,,,,
2018-6-14,목,비,962,804,"1,766",33,828,781,12,35,31,62,607,"1,435",134,130,1,3,2,0,197,331,,,,,,,,,,,,,,,,,,,,,,,,,,,,,,,,
2018-6-15,금,구름 조금,"2,311","2,051","4,362",38,2037,"1,441",422,174,38,744,"1,287","3,324",274,269,2,3,0,309,764,"1,038",,,,,,,,,,,,,,,,,,,,,,,,,,,,,,,,
2018-6-16,토,구름 조금,"11,555","3,652","15,207",38,10020,"8,739",167,"1,114",18,70,"3,020","13,040","1,535","1,415",14,106,20,0,632,"2,167",,,,,,,,,,,,,,,,,,,,,,,,,,,,,,,,
2018-6-17,일,구름 많음,"9,181","3,073","12,254",130,7952,"6,841",136,975,118,30,"2,673","10,625","1,229","1,122",26,81,12,0,400,"1,629",,,,,,,,,,,,,,,,,,,,,,,,,,,,,,,,
2018-6-18,월,맑음,"1,166","1,266","2,432",23,967,894,16,57,19,129,965,"1,932",199,191,4,4,4,63,301,500,,,,,,,,,,,,,,,,,,,,,,,,,,,,,,,,
2018-6-19,화,구름 많음,"2,110","1,671","3,781",60,1924,906,18,"1,000",57,"1,089","1,204","3,128",186,172,2,12,3,133,467,653,,,,,,,,,,,,,,,,,,,,,,,,,,,,,,,,
2018-6-20,수,구름 조금,"1,514","1,698","3,212",56,1300,"1,093",95,112,37,350,942,"2,242",214,204,3,7,19,403,756,970,,,,,,,,,,,,,,,,,,,,,,,,,,,,,,,,
2018-6-21,목,맑음,"1,225","1,668","2,893",25,1007,960,20,27,16,229,"1,241","2,248",218,213,1,4,9,226,427,645,,,,,,,,,,,,,,,,,,,,,,,,,,,,,,,,
2018-6-22,금,구름 조금,"14,422","1,600","16,022",49,14255,"1,792","11,570",893,43,"13,391","1,270","15,525",167,158,6,3,6,71,330,497,,,,,,,,,,,,,,,,,,,,,,,,,,,,,,,,
2018-6-23,토,구름 많음,"6,410","2,435","8,845",99,5721,"5,082",76,563,80,31,"2,120","7,841",689,622,6,61,19,30,315,"1,004",,,,,,,,,,,,,,,,,,,,,,,,,,,,,,,,
2018-6-24,일,맑음,"4,906","1,647","6,553",193,4474,"3,939",74,461,174,30,"1,452","5,926",432,396,2,34,19,0,195,627,,,,,,,,,,,,,,,,,,,,,,,,,,,,,,,,
2018-6-25,월,구름 많음,"1,180","1,104","2,284",94,1062,"1,004",20,38,89,108,914,"1,976",118,112,0,6,5,62,190,308,,,,,,,,,,,,,,,,,,,,,,,,,,,,,,,,
2018-6-26,화,비,"13,560",206,"13,766",5,12943,"11,751",154,"1,038",5,"12,927",189,"13,132",617,2,615,0,0,0,17,634,,,,,,,,,,,,,,,,,,,,,,,,,,,,,,,,
2018-6-27,수,구름 많음,944,"1,042","1,986",38,836,768,13,55,37,0,803,"1,639",108,104,2,2,1,72,239,347,,,,,,,,,,,,,,,,,,,,,,,,,,,,,,,,
2018-6-28,목,구름 많음,764,"1,205","1,969",20,700,643,12,45,16,194,983,"1,683",64,60,2,2,4,60,222,286,,,,,,,,,,,,,,,,,,,,,,,,,,,,,,,,
2018-6-29,금,구름 많음,"7,072","1,028","8,100",30,6915,888,"5,856",171,21,"5,965",785,"7,700",157,125,28,4,9,102,243,400,,,,,,,,,,,,,,,,,,,,,,,,,,,,,,,,
2018-6-30,토,비,"1,998","1,606","3,604",41,1845,"1,567",56,222,38,30,"1,107","2,952",153,142,5,6,3,0,135,288,,,,,,,,,,,,,,,,,,,,,,,,,,,,,,,,
2018-7-1,일,비,114,297,411,4,107,91,2,14,2,0,264,371,7,7,0,0,2,0,33,40,,,,,,,,,,,,,,,,,,,,,,,,,,,,,,,,
2018-7-2,월,비,105,229,334,15,97,94,1,2,15,0,210,307,8,7,0,1,0,0,19,27,,,,,,,,,,,,,,,,,,,,,,,,,,,,,,,,
2018-7-3,화,구름 많음,826,951,"1,777",35,779,700,32,47,31,30,801,"1,580",47,47,0,0,4,43,150,197,,,,,,,,,,,,,,,,,,,,,,,,,,,,,,,,
2018-7-4,수,구름 많음,679,889,"1,568",47,625,571,23,31,37,36,768,"1,393",54,49,1,4,10,0,121,175,,,,,,,,,,,,,,,,,,,,,,,,,,,,,,,,
2018-7-5,목,비,556,727,"1,283",53,516,457,32,27,53,0,667,"1,183",40,37,3,0,0,0,60,100,,,,,,,,,,,,,,,,,,,,,,,,,,,,,,,,
2018-7-6,금,구름 많음,"1,221","1,197","2,418",51,1086,947,57,82,44,95,"1,023","2,109",135,125,1,9,7,37,174,309,,,,,,,,,,,,,,,,,,,,,,,,,,,,,,,,
2018-7-7,토,구름 많음,"8,313","2,866","11,179",68,7668,"6,708",156,804,53,99,"2,439","10,107",645,600,9,36,15,0,427,"1,072",,,,,,,,,,,,,,,,,,,,,,,,,,,,,,,,
2018-7-8,일,흐림,"9,309","2,898","12,207",106,8343,"7,195",180,968,96,35,"2,632","10,975",966,866,11,89,10,0,266,"1,232",,,,,,,,,,,,,,,,,,,,,,,,,,,,,,,,
2018-7-9,월,비,183,391,574,21,153,137,4,12,6,0,348,501,30,27,1,2,15,0,43,73,,,,,,,,,,,,,,,,,,,,,,,,,,,,,,,,
2018-7-10,화,흐림,772,842,"1,614",32,723,614,63,46,31,63,771,"1,494",49,45,3,1,1,0,71,120,,,,,,,,,,,,,,,,,,,,,,,,,,,,,,,,
2018-7-11,수,구름 많음,680,727,"1,407",35,629,542,36,51,35,31,671,"1,300",51,47,0,4,0,0,56,107,,,,,,,,,,,,,,,,,,,,,,,,,,,,,,,,
2018-7-12,목,구름 조금,"1,665",852,"2,517",42,1613,"1,089",37,487,42,925,780,"2,393",52,49,1,2,0,0,72,124,,,,,,,,,,,,,,,,,,,,,,,,,,,,,,,,
2018-7-13,금,구름 많음,664,692,"1,356",24,614,529,51,34,23,84,633,"1,247",50,41,1,8,1,0,59,109,,,,,,,,,,,,,,,,,,,,,,,,,,,,,,,,
2018-7-14,토,구름 조금,"2,638","1,280","3,918",125,2484,"2,127",90,267,122,0,"1,148","3,632",154,142,1,11,3,0,132,286,,,,,,,,,,,,,,,,,,,,,,,,,,,,,,,,
2018-7-15,일,구름 조금,"2,003","1,028","3,031",38,1890,"1,591",116,183,29,67,918,"2,808",113,101,5,7,9,0,110,223,,,,,,,,,,,,,,,,,,,,,,,,,,,,,,,,
2018-7-16,월,맑음,364,488,852,42,349,316,7,26,42,0,401,750,15,14,0,1,0,0,87,102,,,,,,,,,,,,,,,,,,,,,,,,,,,,,,,,
2018-7-17,화,맑음,565,574,"1,139",40,522,296,196,30,40,183,506,"1,028",43,13,30,0,0,30,68,111,,,,,,,,,,,,,,,,,,,,,,,,,,,,,,,,
2018-7-18,수,맑음,"14,145",552,"14,697",43,11223,"10,310",387,526,38,"10,866",490,"11,713","2,922",12,"2,909",1,5,0,62,"2,984",,,,,,,,,,,,,,,,,,,,,,,,,,,,,,,,
2018-7-19,목,맑음,346,553,899,58,322,254,40,28,57,0,481,803,24,21,2,1,1,0,72,96,,,,,,,,,,,,,,,,,,,,,,,,,,,,,,,,
2018-7-20,금,맑음,375,381,756,25,357,224,98,35,25,63,359,716,18,13,2,3,0,0,22,40,,,,,,,,,,,,,,,,,,,,,,,,,,,,,,,,
2018-7-21,토,맑음,747,790,"1,537",40,724,637,27,60,40,32,711,"1,435",23,23,0,0,0,0,79,102,,,,,,,,,,,,,,,,,,,,,,,,,,,,,,,,
2018-7-22,일,구름 조금,690,538,"1,228",129,660,570,35,55,121,0,479,"1,139",30,27,2,1,8,0,59,89,,,,,,,,,,,,,,,,,,,,,,,,,,,,,,,,
2018-7-23,월,,295,310,605,14,275,212,29,34,11,0,285,560,20,14,3,3,3,0,25,45,,,,,,,,,,,,,,,,,,,,,,,,,,,,,,,,
2018-7-24,화,,247,269,516,26,227,150,55,22,25,33,233,460,20,18,1,1,1,0,36,56,,,,,,,,,,,,,,,,,,,,,,,,,,,,,,,,
2018-7-25,수,,268,383,651,12,253,173,59,21,12,30,346,599,15,14,0,1,0,0,37,52,,,,,,,,,,,,,,,,,,,,,,,,,,,,,,,,
2018-7-26,목,,340,372,712,21,328,247,39,42,17,0,340,668,12,10,2,0,4,0,32,44,,,,,,,,,,,,,,,,,,,,,,,,,,,,,,,,
2018-7-27,금,구름 많음,"1,438",392,"1,830",52,1429,213,"1,180",36,52,"1,157",345,"1,774",9,7,1,1,0,0,47,56,,,,,,,,,,,,,,,,,,,,,,,,,,,,,,,,
2018-7-28,토,비,703,707,"1,410",63,685,584,21,80,63,70,654,"1,339",18,18,0,0,0,0,53,71,,,,,,,,,,,,,,,,,,,,,,,,,,,,,,,,
2018-7-29,일,구름 조금,"1,157",463,"1,620",79,1091,923,46,122,79,0,430,"1,521",66,60,0,6,0,0,33,99,,,,,,,,,,,,,,,,,,,,,,,,,,,,,,,,
2018-7-30,월,구름 많음,581,356,937,15,575,473,46,56,15,0,329,904,6,5,0,1,0,0,27,33,,,,,,,,,,,,,,,,,,,,,,,,,,,,,,,,
2018-7-31,화,구름 조금,507,813,"1,320",58,476,375,42,59,58,0,271,747,31,24,3,4,0,0,17,48,,,,,,,,,,,,,,,,,,,,,,,,,,,,,,,,
2018-8-1,수,맑음,319,288,607,13,308,242,30,34,13,0,243,551,11,11,0,0,0,0,45,56,,,,,,,,,,,,,,,,,,,,,,,,,,,,,,,,
2018-8-2,목,구름 조금,424,368,792,64,412,340,33,39,64,0,359,771,12,6,6,0,0,0,9,21,,,,,,,,,,,,,,,,,,,,,,,,,,,,,,,,
2018-8-3,금,구름 조금,524,177,701,113,501,453,21,27,98,0,161,662,23,21,1,1,15,0,16,39,,,,,,,,,,,,,,,,,,,,,,,,,,,,,,,,
2018-8-4,토,구름 조금,975,583,"1,558",137,957,820,35,102,137,0,521,"1,478",18,17,0,1,0,0,62,80,,,,,,,,,,,,,,,,,,,,,,,,,,,,,,,,
2018-8-5,일,구름 많음,"1,088",602,"1,690",27,1059,902,38,119,25,0,569,"1,628",29,28,0,1,2,0,33,62,,,,,,,,,,,,,,,,,,,,,,,,,,,,,,,,
2018-8-6,월,구름 많음,497,318,815,37,483,390,27,66,37,0,273,756,14,9,2,3,0,0,45,59,,,,,,,,,,,,,,,,,,,,,,,,,,,,,,,,
2018-8-7,화,구름 많음,459,357,816,54,449,322,46,81,51,0,329,778,10,7,2,1,3,0,28,38,,,,,,,,,,,,,,,,,,,,,,,,,,,,,,,,
2018-8-8,수,구름 많음,420,300,720,33,354,260,47,47,33,0,259,613,66,28,20,18,0,47,41,107,,,,,,,,,,,,,,,,,,,,,,,,,,,,,,,,
2018-8-9,목,비,676,396,"1,072",15,662,320,58,284,15,258,388,"1,050",14,9,3,2,0,0,8,22,,,,,,,,,,,,,,,,,,,,,,,,,,,,,,,,
2018-8-10,금,비,432,293,725,37,415,300,51,64,36,0,273,688,17,15,0,2,1,0,20,37,,,,,,,,,,,,,,,,,,,,,,,,,,,,,,,,
2018-8-11,토,구름 조금,"1,421",649,"2,070",57,1314,"1,117",48,149,57,0,601,"1,915",107,95,2,10,0,0,48,155,,,,,,,,,,,,,,,,,,,,,,,,,,,,,,,,
2018-8-12,일,구름 많음,"2,409",698,"3,107",67,2345,"2,076",95,174,65,710,642,"2,987",64,57,0,7,2,0,56,120,,,,,,,,,,,,,,,,,,,,,,,,,,,,,,,,
2018-8-13,월,구름 많음,532,333,865,32,518,372,34,112,32,30,284,802,14,13,0,1,0,0,49,63,,,,,,,,,,,,,,,,,,,,,,,,,,,,,,,,
2018-8-14,화,구름 많음,599,344,943,5,578,262,264,52,5,33,324,902,21,21,0,0,0,0,20,41,,,,,,,,,,,,,,,,,,,,,,,,,,,,,,,,
2018-8-15,수,구름 많음,"1,227",563,"1,790",36,1166,953,66,147,33,0,500,"1,666",61,53,0,8,3,0,63,124,,,,,,,,,,,,,,,,,,,,,,,,,,,,,,,,
2018-8-16,목,구름 조금,383,372,755,13,369,281,16,72,13,0,317,686,14,11,1,2,0,0,55,69,,,,,,,,,,,,,,,,,,,,,,,,,,,,,,,,
2018-8-17,금,맑음,"1,149",541,"1,690",19,1085,611,378,96,19,361,512,"1,597",64,57,1,6,0,0,29,93,,,,,,,,,,,,,,,,,,,,,,,,,,,,,,,,
2018-8-18,토,구름 조금,"5,675","2,181","7,856",86,5301,"4,602",109,590,86,31,"2,023","7,324",374,345,1,28,0,0,158,532,,,,,,,,,,,,,,,,,,,,,,,,,,,,,,,,
2018-8-19,일,구름 많음,"5,613","1,707","7,320",131,5283,"4,629",103,551,131,0,"1,592","6,875",330,310,6,14,0,0,115,445,,,,,,,,,,,,,,,,,,,,,,,,,,,,,,,,
2018-8-20,월,구름 많음,794,521,"1,315",30,760,625,27,108,26,0,471,"1,231",34,32,0,2,4,0,50,84,,,,,,,,,,,,,,,,,,,,,,,,,,,,,,,,
2018-8-21,화,구름 많음,653,532,"1,185",29,618,506,22,90,27,0,483,"1,101",35,31,1,3,2,0,49,84,,,,,,,,,,,,,,,,,,,,,,,,,,,,,,,,
2018-8-22,수,구름 조금,"1,020",481,"1,501",24,994,680,15,299,24,432,426,"1,420",26,24,0,2,0,0,55,81,,,,,,,,,,,,,,,,,,,,,,,,,,,,,,,,
2018-8-23,목,비,227,293,520,36,221,196,2,23,36,0,272,493,6,6,0,0,0,0,21,27,,,,,,,,,,,,,,,,,,,,,,,,,,,,,,,,
2018-8-24,금,비,257,223,480,23,254,210,11,33,23,0,174,428,3,2,0,1,0,0,49,52,,,,,,,,,,,,,,,,,,,,,,,,,,,,,,,,
2018-8-25,토,구름 많음,"7,588","2,670","10,258",51,6979,"6,083",107,789,46,37,"2,470","9,449",609,561,7,41,5,0,200,809,,,,,,,,,,,,,,,,,,,,,,,,,,,,,,,,
2018-8-26,일,비,"3,683","1,743","5,426",83,3481,"2,975",62,444,82,0,"1,679","5,160",202,186,2,14,1,0,64,266,,,,,,,,,,,,,,,,,,,,,,,,,,,,,,,,
2018-8-27,월,비,238,311,549,22,214,195,5,14,19,0,301,515,24,23,0,1,3,0,10,34,,,,,,,,,,,,,,,,,,,,,,,,,,,,,,,,
2018-8-28,화,비,86,558,644,10,81,70,5,6,10,61,531,612,5,5,0,0,0,0,27,32,,,,,,,,,,,,,,,,,,,,,,,,,,,,,,,,
2018-8-29,수,비,"3,963",379,"4,342",20,3955,"3,400",215,340,20,"3,713",345,"4,300",8,8,0,0,0,0,34,42,,,,,,,,,,,,,,,,,,,,,,,,,,,,,,,,
2018-8-30,목,구름 많음,561,505,"1,066",30,539,497,5,37,30,0,463,"1,002",22,21,0,1,0,0,42,64,,,,,,,,,,,,,,,,,,,,,,,,,,,,,,,,
2018-8-31,금,구름 많음,"1,251","1,122","2,373",8,1190,"1,057",57,76,8,38,744,"1,934",61,57,1,3,0,0,83,144,,,,,,,,,,,,,,,,,,,,,,,,,,,,,,,,
2018-9-1,토,구름 조금,"10,306","4,876","15,182",86,9733,"8,458",126,"1,149",82,31,"4,684","14,417",573,511,6,56,4,0,192,765,,,,,,,,,,,,,,,,,,,,,,,,,,,,,,,,
2018-9-2,일,구름 많음,"12,283","3,258","15,541",61,11707,"10,120",171,"1,416",59,0,"3,085","14,792",576,499,6,71,2,0,173,749,,,,,,,,,,,,,,,,,,,,,,,,,,,,,,,,
2018-9-3,월,비,183,501,684,19,165,156,1,8,19,51,438,603,18,17,0,1,0,0,63,81,,,,,,,,,,,,,,,,,,,,,,,,,,,,,,,,
2018-9-4,화,구름 조금,"1,122","1,089","2,211",21,1033,926,16,91,16,93,895,"1,928",89,87,0,2,5,58,194,283,,,,,,,,,,,,,,,,,,,,,,,,,,,,,,,,
2018-9-5,수,맑음,"1,716","1,194","2,910",45,1597,"1,193",359,45,45,322,"1,023","2,620",119,115,1,3,0,30,171,290,,,,,,,,,,,,,,,,,,,,,,,,,,,,,,,,
2018-9-6,목,구름 많음,"1,221","1,162","2,383",27,1111,"1,034",10,67,27,96,962,"2,073",110,109,0,1,0,44,200,310,,,,,,,,,,,,,,,,,,,,,,,,,,,,,,,,
2018-9-7,금,구름 조금,"2,068","1,402","3,470",45,1724,"1,361",305,58,43,452,"1,068","2,792",344,108,232,4,2,373,334,678,,,,,,,,,,,,,,,,,,,,,,,,,,,,,,,,
2018-9-8,토,맑음,"17,054","5,049","22,103",63,15902,"13,407",180,"2,315",59,965,"4,743","20,645","1,152","1,040",10,102,4,0,306,"1,458",,,,,,,,,,,,,,,,,,,,,,,,,,,,,,,,
2018-9-9,일,구름 조금,"16,753","6,449","23,202",150,15506,"13,188",214,"2,104",145,44,"6,243","21,749","1,247","1,145",8,94,5,0,206,"1,453",,,,,,,,,,,,,,,,,,,,,,,,,,,,,,,,
2018-9-10,월,구름 조금,"2,233","1,096","3,329",29,2144,"1,480",450,214,29,599,888,"3,032",89,87,0,2,0,63,208,297,,,,,,,,,,,,,,,,,,,,,,,,,,,,,,,,
2018-9-11,화,구름 많음,"1,636","1,910","3,546",29,1487,"1,297",19,171,28,384,"1,572","3,059",149,146,0,3,1,152,338,487,,,,,,,,,,,,,,,,,,,,,,,,,,,,,,,,
2018-9-12,수,구름 조금,"1,670","1,362","3,032",24,1541,"1,195",5,341,20,436,"1,127","2,668",129,120,0,9,4,64,235,364,,,,,,,,,,,,,,,,,,,,,,,,,,,,,,,,
2018-9-13,목,구름 많음,"1,420","1,762","3,182",42,1273,"1,219",9,45,42,239,"1,326","2,599",147,147,0,0,0,82,436,583,,,,,,,,,,,,,,,,,,,,,,,,,,,,,,,,
2018-9-14,금,흐림,"1,480","1,631","3,111",49,1228,"1,014",108,106,43,484,"1,238","2,466",252,175,0,77,6,309,393,645,,,,,,,,,,,,,,,,,,,,,,,,,,,,,,,,
2018-9-15,토,흐림,"7,084","3,602","10,686",18,6610,"5,603",152,855,18,995,"3,451","10,061",474,444,4,26,0,0,151,625,,,,,,,,,,,,,,,,,,,,,,,,,,,,,,,,
2018-9-16,일,흐림,"6,738","2,310","9,048",41,6361,"5,409",149,803,37,121,"2,203","8,564",377,342,7,28,4,0,107,484,,,,,,,,,,,,,,,,,,,,,,,,,,,,,,,,
2018-9-17,월,맑음,"1,667","1,344","3,011",38,1486,"1,418",11,57,38,39,"1,159","2,645",181,175,0,6,0,30,185,366,,,,,,,,,,,,,,,,,,,,,,,,,,,,,,,,
2018-9-18,화,구름 많음,"1,739","1,571","3,310",44,1641,"1,203",12,426,38,565,"1,201","2,842",98,96,0,2,6,89,370,468,,,,,,,,,,,,,,,,,,,,,,,,,,,,,,,,
2018-9-19,수,구름 많음,"5,846","1,487","7,333",32,5733,"4,634",329,770,30,"4,953","1,105","6,838",113,113,0,0,2,91,382,495,,,,,,,,,,,,,,,,,,,,,,,,,,,,,,,,
2018-9-20,목,흐림,"1,175",521,"1,696",8,1157,432,1,724,8,"1,028",501,"1,658",18,17,0,1,0,0,20,38,,,,,,,,,,,,,,,,,,,,,,,,,,,,,,,,
2018-9-21,금,흐림,327,414,741,6,308,277,12,19,6,0,369,677,19,19,0,0,0,30,45,64,,,,,,,,,,,,,,,,,,,,,,,,,,,,,,,,
2018-9-22,토,맑음,"10,785","3,516","14,301",120,9961,"8,647",185,"1,129",116,0,"3,385","13,346",824,751,8,65,4,0,131,955,,,,,,,,,,,,,,,,,,,,,,,,,,,,,,,,
2018-9-23,일,구름 많음,"10,061","3,004","13,065",367,9380,"8,154",193,"1,033",349,0,"2,803","12,183",681,611,8,62,18,0,201,882,,,,,,,,,,,,,,,,,,,,,,,,,,,,,,,,
2018-9-24,월,맑음,"15,565","4,096","19,661",15,14477,"12,557",394,"1,526",2,32,"3,781","18,258","1,088",994,19,75,13,0,315,"1,403",,,,,,,,,,,,,,,,,,,,,,,,,,,,,,,,
2018-9-25,화,맑음,"23,063","6,495","29,558",296,21406,"18,246",446,"2,714",287,0,"6,039","27,445","1,657","1,481",29,147,9,0,456,"2,113",,,,,,,,,,,,,,,,,,,,,,,,,,,,,,,,
2018-9-26,수,구름 조금,"15,663","5,468","21,131",109,14309,"12,137",288,"1,884",106,38,"5,048","19,357","1,354","1,209",20,125,3,0,420,"1,774",,,,,,,,,,,,,,,,,,,,,,,,,,,,,,,,
2018-9-27,목,,"3,363","1,790","5,153",35,3242,"2,331",428,483,33,663,"1,569","4,811",121,113,1,7,2,68,221,342,,,,,,,,,,,,,,,,,,,,,,,,,,,,,,,,
2018-9-28,금,,"3,631","2,279","5,910",24,3319,"1,722",128,"1,469",18,"1,715","1,776","5,095",312,179,30,103,6,345,503,815,,,,,,,,,,,,,,,,,,,,,,,,,,,,,,,,
2018-9-29,토,,"15,592","6,697","22,289",170,14157,"12,087",194,"1,876",147,256,"6,307","20,464","1,435","1,291",5,139,23,0,390,"1,825",,,,,,,,,,,,,,,,,,,,,,,,,,,,,,,,
2018-9-30,일,,"15,058","4,810","19,868",83,13618,"11,660",168,"1,790",83,276,"4,351","17,969","1,440","1,325",7,108,0,30,459,"1,899",,,,,,,,,,,,,,,,,,,,,,,,,,,,,,,,
2018-10-1,월,구름 많음,"1,518","1,689","3,207",21,1361,"1,214",19,128,17,361,"1,316","2,677",157,150,1,6,4,232,373,530,,,,,,,,,,,,,,,,,,,,,,,,,,,,,,,,
2018-10-2,화,맑음,"2,028","2,835","4,863",27,1812,"1,470",138,204,23,851,"1,979","3,791",216,210,0,6,4,470,856,"1,072",,,,,,,,,,,,,,,,,,,,,,,,,,,,,,,,
2018-10-3,수,맑음,"20,659","6,790","27,449",164,18562,"15,601",234,"2,727",147,138,"5,443","24,005","2,097","1,905",11,181,17,0,"1,347","3,444",,,,,,,,,,,,,,,,,,,,,,,,,,,,,,,,
2018-10-4,목,구름 조금,"1,860","2,299","4,159",31,1658,"1,417",17,224,25,642,"1,726","3,384",202,197,0,5,6,241,573,775,,,,,,,,,,,,,,,,,,,,,,,,,,,,,,,,
2018-10-5,금,비,935,491,"1,426",6,917,255,444,218,6,914,434,"1,351",18,18,0,0,0,0,57,75,,,,,,,,,,,,,,,,,,,,,,,,,,,,,,,,
2018-10-6,토,비,913,442,"1,355",14,858,748,23,87,9,55,402,"1,260",55,52,1,2,5,0,40,95,,,,,,,,,,,,,,,,,,,,,,,,,,,,,,,,
2018-10-7,일,구름 조금,"16,157","5,903","22,060",117,14822,"12,284",291,"2,247",107,66,"5,555","20,377","1,335","1,193",10,132,10,0,348,"1,683",,,,,,,,,,,,,,,,,,,,,,,,,,,,,,,,
2018-10-8,월,구름 조금,"7,914","3,697","11,611",53,7202,"4,976",722,"1,504",49,947,"3,058","10,260",712,558,9,145,4,115,639,"1,351",,,,,,,,,,,,,,,,,,,,,,,,,,,,,,,,
2018-10-9,화,구름 많음,"19,382","8,132","27,514",30,17389,"14,245",362,"2,782",27,320,"7,537","24,926","1,993","1,760",26,207,3,0,595,"2,588",,,,,,,,,,,,,,,,,,,,,,,,,,,,,,,,
2018-10-10,수,구름 조금,"1,752","1,632","3,384",6,1591,885,531,175,6,911,"1,228","2,819",161,136,11,14,0,108,404,565,,,,,,,,,,,,,,,,,,,,,,,,,,,,,,,,
2018-10-11,목,구름 조금,"2,264","2,807","5,071",27,2001,"1,285",224,492,27,"1,693","2,095","4,096",263,256,5,2,0,338,712,975,,,,,,,,,,,,,,,,,,,,,,,,,,,,,,,,
2018-10-12,금,맑음,"4,783","3,512","8,295",40,4337,"1,404","2,194",739,38,"3,469","2,229","6,566",446,415,0,31,2,527,"1,283","1,729",,,,,,,,,,,,,,,,,,,,,,,,,,,,,,,,
2018-10-13,토,맑음,"12,039","4,602","16,641",36,10877,"9,273",190,"1,414",29,988,"3,882","14,759","1,162","1,065",19,78,7,118,720,"1,882",,,,,,,,,,,,,,,,,,,,,,,,,,,,,,,,
2018-10-14,일,구름 많음,"13,028","4,734","17,762",62,11964,"9,988",230,"1,746",53,52,"4,340","16,304","1,064",972,7,85,9,0,394,"1,458",,,,,,,,,,,,,,,,,,,,,,,,,,,,,,,,
2018-10-15,월,맑음,"6,105","1,475","7,580",37,5990,"3,727",248,"2,015",34,"4,711","1,138","7,128",115,112,2,1,3,56,337,452,,,,,,,,,,,,,,,,,,,,,,,,,,,,,,,,
2018-10-16,화,구름 많음,"2,597","2,264","4,861",28,2418,"1,136",709,573,28,"1,540","1,695","4,113",179,175,0,4,0,48,569,748,,,,,,,,,,,,,,,,,,,,,,,,,,,,,,,,
2018-10-17,수,맑음,"2,754","3,149","5,903",53,2391,"1,406",216,769,52,"1,559","2,339","4,730",363,281,6,76,1,219,810,"1,173",,,,,,,,,,,,,,,,,,,,,,,,,,,,,,,,
2018-10-18,목,비,"2,686","2,460","5,146",23,2357,"1,473",123,761,23,"1,120","1,786","4,143",329,326,0,3,0,239,674,"1,003",,,,,,,,,,,,,,,,,,,,,,,,,,,,,,,,
2018-10-19,금,,"8,266","3,119","11,385",14,7705,"3,832","2,890",983,12,"4,195","2,256","9,961",561,517,35,9,2,87,863,"1,424",,,,,,,,,,,,,,,,,,,,,,,,,,,,,,,,
2018-10-20,토,,"16,658","5,857","22,515",76,14533,"12,167",282,"2,084",50,"1,723","4,819","19,352","2,125","1,901",23,201,26,804,"1,038","3,163",,,,,,,,,,,,,,,,,,,,,,,,,,,,,,,,
2018-10-21,일,,"15,861","5,505","21,366",139,14418,"12,006",341,"2,071",111,118,"4,670","19,088","1,443","1,332",20,91,28,0,835,"2,278",,,,,,,,,,,,,,,,,,,,,,,,,,,,,,,,
2018-10-22,월,,"2,265","2,190","4,455",65,2031,"1,820",127,84,57,331,"1,721","3,752",234,221,1,12,8,0,469,703,,,,,,,,,,,,,,,,,,,,,,,,,,,,,,,,
2018-10-23,화,비,"1,350","1,055","2,405",2,1200,692,214,294,1,583,917,"2,117",150,41,0,109,1,109,138,288,,,,,,,,,,,,,,,,,,,,,,,,,,,,,,,,
2018-10-24,수,맑음,"2,693","2,547","5,240",26,2453,"1,845",31,577,18,948,"1,933","4,386",240,232,1,7,8,154,614,854,,,,,,,,,,,,,,,,,,,,,,,,,,,,,,,,
2018-10-25,목,구름 조금,"3,396","3,266","6,662",10,2857,"2,058",167,632,8,837,"2,207","5,064",539,491,35,13,2,638,"1,059","1,598",,,,,,,,,,,,,,,,,,,,,,,,,,,,,,,,
2018-10-26,금,비,"13,684",602,"14,286",8,13672,"10,456","1,122","2,094",8,"13,007",553,"14,225",12,11,0,1,0,0,49,61,,,,,,,,,,,,,,,,,,,,,,,,,,,,,,,,
2018-10-27,토,구름 많음,"14,941","6,620","21,561",107,14170,"10,737",392,"3,041",101,"7,691","6,240","20,410",771,706,10,55,6,0,380,"1,151",,,,,,,,,,,,,,,,,,,,,,,,,,,,,,,,
2018-10-28,일,비,"3,568","1,348","4,916",29,3281,"2,810",115,356,27,0,"1,201","4,482",287,257,3,27,2,0,147,434,,,,,,,,,,,,,,,,,,,,,,,,,,,,,,,,
2018-10-29,월,구름 많음,"1,550","1,792","3,342",11,1457,"1,314",39,104,3,590,"1,458","2,915",93,91,0,2,8,100,334,427,,,,,,,,,,,,,,,,,,,,,,,,,,,,,,,,
2018-10-30,화,구름 조금,"1,727","2,059","3,786",3,1570,"1,197",27,346,3,659,"1,703","3,273",157,154,0,3,0,102,356,513,,,,,,,,,,,,,,,,,,,,,,,,,,,,,,,,
2018-10-31,수,맑음,"3,799","1,931","5,730",48,3717,"1,224","2,282",211,46,931,"1,668","5,385",82,79,0,3,2,110,263,345,,,,,,,,,,,,,,,,,,,,,,,,,,,,,,,,
2018-11-1,목,맑음,"1,581","2,342","3,923",31,1493,"1,236",59,198,27,638,"1,885","3,378",88,87,1,0,4,252,457,545,,,,,,,,,,,,,,,,,,,,,,,,,,,,,,,,
2018-11-2,금,맑음,"3,208","1,944","5,152",41,3078,"2,362",319,397,41,"1,117","1,574","4,652",130,124,1,5,0,133,370,500,,,,,,,,,,,,,,,,,,,,,,,,,,,,,,,,
2018-11-3,토,맑음,"11,573","5,053","16,626",152,11012,"9,326",229,"1,457",148,436,"4,530","15,542",561,491,2,68,4,0,523,"1,084",,,,,,,,,,,,,,,,,,,,,,,,,,,,,,,,
2018-11-4,일,구름 조금,"12,125","3,778","15,903",79,11545,"9,705",303,"1,537",75,195,"3,437","14,982",580,518,4,58,4,0,341,921,,,,,,,,,,,,,,,,,,,,,,,,,,,,,,,,
2018-11-5,월,구름 조금,"1,342","1,438","2,780",18,1294,"1,219",12,63,17,0,"1,236","2,530",48,48,0,0,1,30,202,250,,,,,,,,,,,,,,,,,,,,,,,,,,,,,,,,
2018-11-6,화,구름 많음,838,"1,270","2,108",23,805,656,48,101,21,136,"1,144","1,949",33,33,0,0,2,0,126,159,,,,,,,,,,,,,,,,,,,,,,,,,,,,,,,,
2018-11-7,수,흐림,558,763,"1,321",6,537,475,3,59,2,226,717,"1,254",21,20,0,1,4,0,46,67,,,,,,,,,,,,,,,,,,,,,,,,,,,,,,,,
2018-11-8,목,비,249,327,576,4,247,104,140,3,4,205,312,559,2,2,0,0,0,0,15,17,,,,,,,,,,,,,,,,,,,,,,,,,,,,,,,,
2018-11-9,금,구름 조금,"1,727","1,195","2,922",32,1658,852,525,281,32,880,"1,090","2,748",69,64,0,5,0,0,105,174,,,,,,,,,,,,,,,,,,,,,,,,,,,,,,,,
2018-11-10,토,맑음,"4,053","2,180","6,233",87,3945,"3,284",121,540,85,288,"2,076","6,021",108,92,11,5,2,0,104,212,,,,,,,,,,,,,,,,,,,,,,,,,,,,,,,,
2018-11-11,일,비,"3,750","1,454","5,204",13,3706,"3,023",235,448,12,677,"1,335","5,041",44,38,1,5,1,0,119,163,,,,,,,,,,,,,,,,,,,,,,,,,,,,,,,,
2018-11-12,월,맑음,"1,129","1,187","2,316",27,1087,941,15,131,27,86,"1,057","2,144",42,40,0,2,0,0,130,172,,,,,,,,,,,,,,,,,,,,,,,,,,,,,,,,
2018-11-13,화,맑음,896,"1,348","2,244",10,852,801,8,43,10,30,"1,186","2,038",44,43,1,0,0,0,162,206,,,,,,,,,,,,,,,,,,,,,,,,,,,,,,,,
2018-11-14,수,맑음,970,"1,249","2,219",14,948,837,75,36,14,50,"1,124","2,072",22,22,0,0,0,0,125,147,,,,,,,,,,,,,,,,,,,,,,,,,,,,,,,,
2018-11-15,목,구름 많음,971,940,"1,911",19,935,725,142,68,19,81,858,"1,793",36,33,2,1,0,0,82,118,,,,,,,,,,,,,,,,,,,,,,,,,,,,,,,,
2018-11-16,금,구름 많음,750,876,"1,626",11,714,638,44,32,11,121,815,"1,529",36,36,0,0,0,30,61,97,,,,,,,,,,,,,,,,,,,,,,,,,,,,,,,,
2018-11-17,토,구름 많음,"4,722","1,937","6,659",51,4583,"3,922",117,544,48,137,"1,832","6,415",139,130,0,9,3,0,105,244,,,,,,,,,,,,,,,,,,,,,,,,,,,,,,,,
2018-11-18,일,구름 많음,"4,689","1,715","6,404",30,4571,"3,924",109,538,30,0,"1,622","6,193",118,99,2,17,0,0,93,211,,,,,,,,,,,,,,,,,,,,,,,,,,,,,,,,
2018-11-19,월,구름 조금,584,799,"1,383",15,576,536,14,26,15,73,750,"1,326",8,8,0,0,0,0,49,57,,,,,,,,,,,,,,,,,,,,,,,,,,,,,,,,
2018-11-20,화,맑음,508,919,"1,427",27,497,469,8,20,26,0,880,"1,377",11,11,0,0,1,0,39,50,,,,,,,,,,,,,,,,,,,,,,,,,,,,,,,,
2018-11-21,수,비,315,578,893,4,315,277,32,6,4,80,479,794,0,0,0,0,0,71,99,99,,,,,,,,,,,,,,,,,,,,,,,,,,,,,,,,
2018-11-22,목,맑음,"4,251",713,"4,964",29,4249,551,25,"3,673",29,"3,809",677,"4,926",2,2,0,0,0,0,36,38,,,,,,,,,,,,,,,,,,,,,,,,,,,,,,,,
2018-11-23,금,맑음,466,742,"1,208",21,460,390,37,33,21,0,701,"1,161",6,6,0,0,0,0,41,47,,,,,,,,,,,,,,,,,,,,,,,,,,,,,,,,
2018-11-24,토,구름 많음,700,704,"1,404",20,690,615,14,61,20,0,688,"1,378",10,10,0,0,0,0,16,26,,,,,,,,,,,,,,,,,,,,,,,,,,,,,,,,
2018-11-25,일,구름 조금,"2,318","1,381","3,699",50,2285,"1,968",70,247,50,67,"1,349","3,634",33,28,0,5,0,0,32,65,,,,,,,,,,,,,,,,,,,,,,,,,,,,,,,,
2018-11-26,월,맑음,439,730,"1,169",23,432,405,11,16,23,0,673,"1,105",7,6,1,0,0,0,57,64,,,,,,,,,,,,,,,,,,,,,,,,,,,,,,,,
2018-11-27,화,구름 많음,297,626,923,8,294,220,65,9,8,33,591,885,3,3,0,0,0,0,35,38,,,,,,,,,,,,,,,,,,,,,,,,,,,,,,,,
2018-11-28,수,구름 조금,241,654,895,2,238,203,23,12,2,32,632,870,3,3,0,0,0,0,22,25,,,,,,,,,,,,,,,,,,,,,,,,,,,,,,,,
2018-11-29,목,구름 많음,"7,705",767,"8,472",16,7702,"7,643",18,41,16,"7,527",744,"8,446",3,3,0,0,0,0,23,26,,,,,,,,,,,,,,,,,,,,,,,,,,,,,,,,
2018-11-30,금,구름 조금,398,589,987,30,393,306,42,45,30,30,556,949,5,5,0,0,0,0,33,38,,,,,,,,,,,,,,,,,,,,,,,,,,,,,,,,
2018-12-1,토,맑음,"2,440","1,565","4,005",46,2375,"2,046",35,294,46,28,"1,520","3,895",65,60,0,5,0,0,45,110,,,,,,,,,,,,,,,,,,,,,,,,,,,,,,,,
2018-12-2,일,흐림,"2,221","1,160","3,381",26,2166,"1,800",80,286,26,0,"1,100","3,266",55,51,0,4,0,0,60,115,,,,,,,,,,,,,,,,,,,,,,,,,,,,,,,,
2018-12-3,월,흐림,55,301,356,0,55,44,10,1,0,0,275,330,0,0,0,0,0,0,26,26,,,,,,,,,,,,,,,,,,,,,,,,,,,,,,,,
2018-12-4,화,구름 많음,144,466,610,4,139,111,23,5,4,0,445,584,5,5,0,0,0,0,21,26,,,,,,,,,,,,,,,,,,,,,,,,,,,,,,,,
2018-12-5,수,구름 많음,213,602,815,19,213,150,7,56,19,43,575,788,0,0,0,0,0,0,27,27,,,,,,,,,,,,,,,,,,,,,,,,,,,,,,,,
2018-12-6,목,구름 많음,185,693,878,0,185,161,18,6,0,0,641,826,0,0,0,0,0,0,52,52,,,,,,,,,,,,,,,,,,,,,,,,,,,,,,,,
2018-12-7,금,구름 조금,130,310,440,18,130,81,29,20,18,0,290,420,0,0,0,0,0,0,20,20,,,,,,,,,,,,,,,,,,,,,,,,,,,,,,,,
2018-12-8,토,구름 조금,323,484,807,13,322,199,14,109,13,79,473,795,1,1,0,0,0,0,11,12,,,,,,,,,,,,,,,,,,,,,,,,,,,,,,,,
2018-12-9,일,구름 조금,263,545,808,10,259,225,17,17,10,0,529,788,4,2,1,1,0,0,16,20,,,,,,,,,,,,,,,,,,,,,,,,,,,,,,,,
2018-12-10,월,맑음,125,428,553,9,125,102,17,6,9,0,405,530,0,0,0,0,0,0,23,23,,,,,,,,,,,,,,,,,,,,,,,,,,,,,,,,
2018-12-11,화,흐림,326,671,997,0,324,62,248,14,0,0,645,969,2,2,0,0,0,0,26,28,,,,,,,,,,,,,,,,,,,,,,,,,,,,,,,,
2018-12-12,수,맑음,"1,552",537,"2,089",6,1552,959,156,437,6,121,517,"2,069",0,0,0,0,0,0,20,20,,,,,,,,,,,,,,,,,,,,,,,,,,,,,,,,
2018-12-13,목,구름 조금,464,390,854,5,460,80,371,9,5,359,376,836,4,2,2,0,0,0,14,18,,,,,,,,,,,,,,,,,,,,,,,,,,,,,,,,
2018-12-14,금,맑음,96,360,456,7,95,79,12,4,7,0,350,445,1,1,0,0,0,0,10,11,,,,,,,,,,,,,,,,,,,,,,,,,,,,,,,,
2018-12-15,토,구름 조금,594,787,"1,381",22,590,463,66,61,22,0,775,"1,365",4,2,0,2,0,0,12,16,,,,,,,,,,,,,,,,,,,,,,,,,,,,,,,,
2018-12-16,일,흐림,429,705,"1,134",14,428,358,18,52,14,0,660,"1,088",1,1,0,0,0,0,45,46,,,,,,,,,,,,,,,,,,,,,,,,,,,,,,,,
2018-12-17,월,맑음,159,497,656,15,155,144,4,7,15,0,489,644,4,4,0,0,0,0,8,12,,,,,,,,,,,,,,,,,,,,,,,,,,,,,,,,
2018-12-18,화,구름 조금,177,684,861,22,174,140,24,10,22,0,663,837,3,3,0,0,0,0,21,24,,,,,,,,,,,,,,,,,,,,,,,,,,,,,,,,
2018-12-19,수,구름 조금,207,602,809,0,207,173,29,5,0,36,589,796,0,0,0,0,0,0,13,13,,,,,,,,,,,,,,,,,,,,,,,,,,,,,,,,
2018-12-20,목,구름 조금,269,607,876,13,263,196,55,12,13,0,575,838,6,6,0,0,0,0,32,38,,,,,,,,,,,,,,,,,,,,,,,,,,,,,,,,
2018-12-21,금,구름 많음,"1,102",528,"1,630",1,1102,162,932,8,1,0,523,"1,625",0,0,0,0,0,0,5,5,,,,,,,,,,,,,,,,,,,,,,,,,,,,,,,,
2018-12-22,토,구름 조금,972,"1,010","1,982",23,958,803,80,75,23,41,988,"1,946",14,13,0,1,0,0,22,36,,,,,,,,,,,,,,,,,,,,,,,,,,,,,,,,
2018-12-23,일,맑음,"1,638","1,310","2,948",41,1613,"1,397",52,164,41,32,"1,279","2,892",25,25,0,0,0,0,31,56,,,,,,,,,,,,,,,,,,,,,,,,,,,,,,,,
2018-12-24,월,맑음,499,483,982,19,495,447,18,30,19,0,454,949,4,4,0,0,0,0,29,33,,,,,,,,,,,,,,,,,,,,,,,,,,,,,,,,
2018-12-25,화,흐림,"1,709",693,"2,402",28,1701,"1,420",165,116,28,0,678,"2,379",8,7,0,1,0,0,15,23,,,,,,,,,,,,,,,,,,,,,,,,,,,,,,,,
2018-12-26,수,구름 조금,250,502,752,23,249,222,10,17,23,0,486,735,1,1,0,0,0,0,16,17,,,,,,,,,,,,,,,,,,,,,,,,,,,,,,,,
2018-12-27,목,맑음,"3,498",445,"3,943",10,3498,"2,960",33,505,10,"3,422",418,"3,916",0,0,0,0,0,0,27,27,,,,,,,,,,,,,,,,,,,,,,,,,,,,,,,,
2018-12-28,금,맑음,70,287,357,14,70,59,7,4,14,0,258,328,0,0,0,0,0,0,29,29,,,,,,,,,,,,,,,,,,,,,,,,,,,,,,,,
2018-12-29,토,맑음,238,496,734,27,235,195,13,27,27,0,473,708,3,3,0,0,0,0,23,26,,,,,,,,,,,,,,,,,,,,,,,,,,,,,,,,
2018-12-30,일,맑음,449,466,915,37,445,368,21,56,37,0,436,881,4,3,0,1,0,0,30,34,,,,,,,,,,,,,,,,,,,,,,,,,,,,,,,,
2018-12-31,월,맑음,390,444,834,17,380,333,22,25,15,0,427,807,10,10,0,0,2,0,17,27,,,,,,,,,,,,,,,,,,,,,,,,,,,,,,,,
